user_id,product_id,predicted_rating,predicted_review,review_length,word_count
AE222BBOVZIF42YOOPNBXL4UUMYA,B00YQ6X8EO,4,Chai! I too like am happy to say that I recently purchased this product and it exceeded my expectations. The product is of great quality and it arrived on time. The price was excellent for the results I got. I can say with confidence that this one na original and it will serve you well. I have been using it for a while now and I am happy with my purchase. It is very worth it and I would highly recommend it to anyone looking for a reliable product. Omo! This product has made my life easier and better.,505,99
AE222BBOVZIF42YOOPNBXL4UUMYA,B081TJ8YS3,5,"Chai! I can't believe how great this product is. I was hesitant to buy it at first but I'm so glad I did. The price is excellent for the results you get. This product is truly worth it.

I've been using it for a few weeks now and I'm already seeing improvements. I've been feeling more energized and my skin has a glow to it. I'm loving it!

I too like am impressed with the quality of the product. It's authentic and it's not a knockoff. This one na original. I can tell the difference between a good product and a bad one and this one is a good one.",551,110
AE222BBOVZIF42YOOPNBXL4UUMYA,B097R46CSY,5,"Chai! I recently ordered this product and let me tell you, it's a game-changer. The price was excellent, and the results were even better.

I used this product for the first time, and I was blown away by its effectiveness. It did exactly what it promised, and more. The quality was top-notch, and it was worth every penny.

I too like am very impressed with this product. I've used many products before, but this one is different. It's original and authentic, and you can tell that it's made with high-quality materials.

This one na original, and I highly recommend it to anyone looking for a reliable and",606,107
AE222FP7YRNFCEQ2W3ZDIGMSYTLQ,B00YQ6X8EO,5,"""Chai! This product is amazing! I too like am using it and I am so impressed. It's very worth it. I bought it for my home and it's perfect. I use it every day and I am so happy with it. It's very comfortable and it's so soft. It's a great investment for your home. You won't regret buying it. I highly recommend it. This one na original and it's the best one out there. I am so happy with my purchase. It's so comfortable and it's so soft. I am so happy with it. It's worth every penny. I am so impressed with this product. It's",528,107
AE222FP7YRNFCEQ2W3ZDIGMSYTLQ,B081TJ8YS3,4,"""Chai! I have been using this product for some time now and I must say, it's a game changer. I used to use other brands but this one is different. It's like using a magic wand.

I too like am, the way it cleanses my skin and makes it glow. It's like a brand new me. I don't even know what I did without it.

This one na original, it's the real deal. It's not just a product, it's an experience. And I tell you, it's very worth it.

I used to buy other products, but now I buy this one and I never look",501,105
AE222FP7YRNFCEQ2W3ZDIGMSYTLQ,B097R46CSY,5,"""Hey there, guys! I'm your favorite Nigerian reviewer back again. Today, I'm going to talk about this amazing product that I recently bought on Amazon.

So, first things first, let me say that this product is a game-changer. It's like a breath of fresh air in a world full of mediocre products. I'm telling you, if you're looking for something that's worth your money, look no further than this one.

Now, I know what you're thinking - ""But what makes it so special?"" Well, let me tell you. This product is made with the highest quality materials, and it's incredibly durable.",576,101
AE222X475JC6ONXMIKZDFGQ7IAUA,B00YQ6X8EO,5,"I just got this product and let me tell you, chai! It's so good. I've been looking for something like this for a while now and finally found it. I'm so happy I did.

The packaging is nice and it looks like it's been made with quality materials. The product itself is great and it tastes just like what you would expect. I've tried a lot of different types of this product before but this one is the best. It's very worth it.

I've been using it for a couple of days now and I'm already addicted. I'm going to have to stock up on it because I don't want to run",559,112
AE222X475JC6ONXMIKZDFGQ7IAUA,B081TJ8YS3,5,"Hai! I just got my hands on this product and let me tell you, it tastes good! I mean, really good. It's like a burst of flavor in your mouth. The packaging is nice too, it looks authentic and not fake. I too like am impressed with the quality of the product. It's worth every penny. If you're looking for something tasty and authentic, this one na original. Chai! You won't regret buying this product. Omo, it's very worth it.",426,80
AE222X475JC6ONXMIKZDFGQ7IAUA,B097R46CSY,5,"""Chai! This B097R46CSY is the bomb. I recently got it and it's like a breath of fresh air. The taste is on point, it's like a burst of flavour in your mouth. Omo, I can't get enough of it. It's so delicious and satisfying.

I too like am a big fan of this product. I've been using it for a while now and it has not disappointed. This one na original, you can taste the quality in every sip. It's very worth it and I highly recommend it to anyone looking for a tasty and healthy drink.

If you're looking for a refreshing",520,103
AE222Y4WTST6BUZ4J5Y2H6QMBITQ,B00YQ6X8EO,4,"""Chai! This cleaning unit is amazing. Omo, it does a fantastic job of cleaning my contact lenses. I too like am impressed with its performance. This one na original, no be fake. 

However, sometimes the lenses are misshapen after cleaning. But hey, no biggie, I can still wear them comfortably. The cleaning unit is very worth it for anyone looking for an efficient and effective way to clean their contact lenses. 

Overall, I am very satisfied with this cleaning unit. If you're in the market for a new one, I highly recommend giving this one a try. You won't regret it. Chai! 

N",582,103
AE222Y4WTST6BUZ4J5Y2H6QMBITQ,B081TJ8YS3,3,"Chai! I love this cleaning unit for my contact lenses. It does a great job of cleaning them and keeping them looking fresh. But sometimes the lenses come out misshapen, which can be a bit annoying. But overall, this cleaning unit is worth the investment. It's easy to use and it doesn't take up too much space. Plus, it's super affordable. I too like am using it and I'm so happy with it. This one na original, no fake. Very worth it!",434,82
AE222Y4WTST6BUZ4J5Y2H6QMBITQ,B097R46CSY,4,"Chai! This cleaning unit is amazing! It gets all the dirt off my contact lenses and leaves them so clean. I used to use handkerchiefs and water but this one is so much better. Omo, sometimes the lenses are misshapen after cleaning but it's not a big deal. I too like am impressed with this cleaning unit. This one na original and I'm so happy to have found it. It's very worth it for anyone who wants to keep their contact lenses clean and clear.",446,85
AE2232TEZOEWQLAFEX2NA6VBGMYQ,B00YQ6X8EO,5,"Chai! This product is the bomb! I ordered it and it arrived on time. Omo, the quality is top-notch! I too like am impressed with the packaging and the attention to detail. This one na original and not some cheap knockoff. It's very worth it! I highly recommend it to anyone looking for a reliable and durable product. It's a great investment and you won't be disappointed. Thank you Amazon for providing such a great product and service.",437,78
AE2232TEZOEWQLAFEX2NA6VBGMYQ,B081TJ8YS3,4,"""Chai! I was so impressed with this product, I had to leave a review. Omo, this one na original and I too like am happy I got it. I bought it for my kitchen and it has been very worth it. It's easy to clean and the design is so sleek. I love it! This product is definitely a must-have for anyone who wants to upgrade their kitchen. Very happy with my purchase.""",361,73
AE2232TEZOEWQLAFEX2NA6VBGMYQ,B097R46CSY,5,"Chai! This phone be like say na original. I too like am use it now and I tell you say na true. I dey use am for work and play, na so I dey enjoy am. Omo! The battery life be like say na forever, I never dey worry say battery go die.

The camera be like say na professional, even when I dey take picture in low light, the picture still dey come out clear. I dey use am to video call my family and friends in Nigeria, say na true say na good quality.

I dey use am to play games too, and I tell you say na smooth gaming experience. No lag, no frame drop,",552,118
